instancia,seed,melhor_solucao,custo,tempo_execucao_segundos,memoria_usada_MB,n_formigas,alpha,beta,rho,Q,iter_max
Nug25,42,"[14, 1, 12, 17, 20, 4, 6, 10, 21, 23, 22, 24, 2, 15, 16, 9, 13, 18, 7, 0, 19, 8, 11, 5, 3]",4754,7.98,108.96,8,0.5375161328340003,1.5500586367382385,0.08348161072232342,1,144
Nug25,43,"[17, 22, 20, 12, 10, 4, 8, 19, 0, 13, 18, 23, 5, 1, 3, 21, 2, 14, 9, 16, 15, 7, 6, 24, 11]",4744,4.09,108.96,6,0.929126270445708,2.5253683946122707,0.1939109524293232,1,97
Nug25,44,"[4, 13, 1, 19, 17, 11, 0, 24, 21, 10, 9, 16, 15, 7, 14, 23, 5, 3, 8, 2, 20, 22, 18, 6, 12]",4684,11.81,108.96,18,1.2800307334434837,2.4032284447854253,0.06749831159785274,1,98
Nug25,45,"[4, 9, 10, 0, 3, 1, 15, 7, 18, 14, 23, 21, 6, 24, 22, 17, 11, 8, 19, 12, 20, 2, 16, 5, 13]",4778,4.41,108.96,13,1.1265367845598036,1.5153212410491605,0.09547881670899706,1,52
Nug25,46,"[10, 16, 15, 4, 7, 20, 2, 24, 21, 11, 18, 23, 5, 1, 19, 12, 17, 9, 14, 13, 0, 3, 8, 6, 22]",4810,3.89,108.96,7,1.0999915939565195,2.1772403655484642,0.17896800103141425,1,79
Nug25,47,"[1, 5, 3, 4, 12, 2, 14, 17, 24, 22, 10, 0, 19, 8, 11, 20, 7, 15, 13, 18, 23, 21, 6, 16, 9]",4736,7.65,108.96,16,0.5937877680754614,2.107280156816108,0.1356185864770447,1,82
Nug25,48,"[1, 11, 0, 24, 21, 3, 4, 23, 14, 9, 17, 20, 12, 19, 8, 2, 10, 22, 15, 7, 16, 13, 18, 5, 6]",4678,10.97,108.96,15,0.6978371950638135,2.423093684536049,0.09533750838767235,1,114
Nug25,49,"[12, 17, 9, 10, 22, 20, 7, 18, 13, 14, 23, 5, 1, 11, 8, 3, 0, 24, 6, 21, 2, 15, 4, 16, 19]",4750,6.23,108.96,7,1.016494833826007,2.866644086100232,0.09852428222311078,1,120
Nug25,50,"[19, 8, 3, 5, 12, 20, 7, 0, 11, 14, 16, 10, 6, 24, 22, 23, 18, 13, 15, 9, 17, 21, 2, 1, 4]",4710,17.11,108.96,20,1.783543075615619,1.7281951850266926,0.18362200957813835,1,138
Nug25,51,"[4, 7, 16, 0, 11, 17, 22, 24, 2, 14, 1, 3, 8, 19, 23, 21, 13, 18, 20, 12, 5, 10, 6, 9, 15]",4670,6.09,108.96,12,1.757735522488605,2.104578899770044,0.08691192659127214,1,79
