instancia,seed,melhor_solucao,custo,tempo_execucao_segundos,memoria_usada_MB,n_formigas,alpha,beta,rho,Q,iter_max
Tai25b,42,"[12, 9, 10, 19, 6, 0, 11, 14, 24, 4, 8, 13, 20, 16, 3, 5, 15, 21, 7, 1, 23, 2, 18, 17, 22]",580122713,8.57,119.18,8,0.5375161328340003,1.5500586367382385,0.08348161072232342,1,144
Tai25b,43,"[5, 11, 3, 8, 4, 23, 19, 6, 16, 2, 24, 12, 0, 13, 9, 22, 21, 15, 1, 17, 7, 18, 10, 14, 20]",612664322,4.27,119.18,6,0.929126270445708,2.5253683946122707,0.1939109524293232,1,97
Tai25b,44,"[19, 23, 1, 0, 18, 11, 10, 21, 14, 5, 24, 20, 3, 13, 9, 12, 6, 15, 8, 17, 7, 22, 4, 2, 16]",471610834,12.14,119.18,18,1.2800307334434837,2.4032284447854253,0.06749831159785274,1,98
Tai25b,45,"[15, 8, 19, 20, 16, 3, 23, 5, 17, 24, 4, 12, 6, 14, 9, 18, 7, 11, 13, 22, 10, 21, 1, 2, 0]",593443396,4.85,119.18,13,1.1265367845598036,1.5153212410491605,0.09547881670899706,1,52
Tai25b,46,"[16, 20, 3, 23, 24, 2, 8, 4, 6, 10, 17, 7, 12, 9, 14, 5, 19, 22, 18, 11, 13, 15, 0, 1, 21]",509145809,4.07,119.18,7,1.0999915939565195,2.1772403655484642,0.17896800103141425,1,79
Tai25b,47,"[14, 24, 4, 23, 16, 2, 0, 9, 22, 15, 13, 10, 17, 7, 11, 19, 12, 21, 1, 8, 18, 20, 5, 6, 3]",556758591,9.34,119.18,16,0.5937877680754614,2.107280156816108,0.1356185864770447,1,82
Tai25b,48,"[10, 0, 5, 15, 13, 20, 18, 11, 14, 9, 23, 24, 3, 2, 19, 6, 16, 7, 12, 17, 21, 1, 4, 8, 22]",578559447,12.16,119.18,15,0.6978371950638135,2.423093684536049,0.09533750838767235,1,114
Tai25b,49,"[24, 4, 23, 15, 0, 5, 11, 13, 9, 17, 1, 2, 20, 16, 14, 18, 7, 22, 19, 12, 6, 21, 3, 8, 10]",571880557,6.11,119.18,7,1.016494833826007,2.866644086100232,0.09852428222311078,1,120
Tai25b,50,"[23, 2, 0, 24, 12, 17, 11, 19, 20, 6, 16, 13, 15, 8, 4, 5, 1, 21, 7, 3, 18, 10, 9, 14, 22]",579297596,19.71,119.18,20,1.783543075615619,1.7281951850266926,0.18362200957813835,1,138
Tai25b,51,"[3, 1, 8, 13, 12, 9, 10, 19, 20, 11, 6, 0, 24, 4, 23, 16, 21, 15, 22, 17, 7, 5, 14, 2, 18]",591081915,6.69,119.18,12,1.757735522488605,2.104578899770044,0.08691192659127214,1,79
