instancia,seed,melhor_solucao,custo,tempo_execucao_segundos,memoria_usada_MB,n_formigas,alpha,beta,rho,Q,iter_max
Nug24,42,"[1, 3, 6, 14, 8, 16, 5, 20, 11, 10, 19, 18, 4, 12, 2, 9, 22, 23, 15, 21, 13, 0, 17, 7]",4442,7.93,108.96,8,0.5375161328340003,1.5500586367382385,0.08348161072232342,1,144
Nug24,43,"[4, 9, 17, 11, 10, 19, 12, 0, 15, 23, 21, 8, 18, 1, 6, 3, 5, 2, 16, 20, 22, 14, 7, 13]",4530,3.91,108.96,6,0.929126270445708,2.5253683946122707,0.1939109524293232,1,97
Nug24,44,"[5, 22, 14, 8, 19, 16, 11, 3, 6, 13, 9, 17, 4, 10, 12, 2, 23, 21, 15, 18, 1, 7, 20, 0]",4520,11.03,108.96,18,1.2800307334434837,2.4032284447854253,0.06749831159785274,1,98
Nug24,45,"[19, 16, 13, 20, 5, 3, 23, 18, 11, 7, 12, 4, 9, 17, 6, 1, 14, 22, 0, 8, 21, 15, 10, 2]",4358,4.35,108.96,13,1.1265367845598036,1.5153212410491605,0.09547881670899706,1,52
Nug24,46,"[10, 16, 20, 5, 2, 14, 6, 1, 18, 8, 19, 12, 7, 4, 21, 15, 23, 3, 0, 22, 9, 17, 11, 13]",4460,3.7,108.96,7,1.0999915939565195,2.1772403655484642,0.17896800103141425,1,79
Nug24,47,"[3, 1, 13, 4, 8, 18, 14, 20, 5, 2, 12, 19, 16, 11, 17, 9, 22, 23, 15, 21, 10, 0, 7, 6]",4448,8.55,108.96,16,0.5937877680754614,2.107280156816108,0.1356185864770447,1,82
Nug24,48,"[14, 2, 5, 23, 21, 15, 18, 4, 7, 11, 17, 9, 22, 20, 10, 12, 19, 8, 16, 1, 6, 13, 0, 3]",4518,10.71,108.96,15,0.6978371950638135,2.423093684536049,0.09533750838767235,1,114
Nug24,49,"[20, 11, 17, 9, 22, 1, 7, 12, 2, 16, 13, 4, 18, 23, 21, 8, 19, 5, 3, 6, 14, 0, 15, 10]",4516,5.61,108.96,7,1.016494833826007,2.866644086100232,0.09852428222311078,1,120
Nug24,50,"[14, 6, 3, 23, 15, 4, 8, 0, 22, 9, 17, 11, 7, 13, 21, 16, 5, 19, 18, 10, 12, 2, 1, 20]",4468,17.81,108.96,20,1.783543075615619,1.7281951850266926,0.18362200957813835,1,138
Nug24,51,"[16, 13, 7, 20, 10, 18, 23, 3, 5, 19, 0, 22, 9, 17, 11, 15, 21, 4, 8, 14, 12, 2, 6, 1]",4486,5.87,108.96,12,1.757735522488605,2.104578899770044,0.08691192659127214,1,79
